count,min,p01,p50,p99,max
168084.0,-2665.118164062,-2576.955566406,-54.721923828,2532.882183349,2532.91015625
