mode,total_bits,int_bits,frac_bits,lut_total_bits,lut_int_bits,lut_frac_bits,lut_min,lut_max,lut_entries,lut_address_width,lut_memory_bits,max_abs_error,mean_abs_error,rmse,max_relative_error,overflow_count,saturation_count,lut_low_count,lut_high_count,table_saturation_count,monotonic_issues,repeated_accum_abs_error
fixed-piecewise,24,16,7,24,16,7,-8.000000,8.000000,64,6,1536,0.254035681686,0.00871446916182,0.0338766500221,1,0,0,10543,10543,0,0,0.11318946259
fixed-piecewise,24,16,7,24,16,7,-8.000000,8.000000,128,7,3072,0.12983866219,0.00480381719281,0.0169119720062,1,0,0,10543,10543,0,0,0.0428769625898
fixed-piecewise,24,16,7,24,16,7,-8.000000,8.000000,256,8,6144,0.0678208268962,0.00287304122584,0.00863270406626,1,0,0,10543,10543,0,0,0.0272519625898
fixed-piecewise,16,8,7,16,8,7,-16.000000,8.000000,512,9,8192,0.0524717715154,0.0023640330556,0.00643296803998,1,0,0,9037,10543,0,0,0.0350644625898
fixed-piecewise,20,8,11,20,8,11,-16.000000,8.000000,512,9,10240,0.0467881083501,0.00152123633288,0.00632161010773,1,0,0,9037,10543,0,0,0.0321347750898
fixed-piecewise,24,16,7,24,16,7,-8.000000,8.000000,512,9,12288,0.0368467715154,0.00188540541451,0.00444911304124,1,0,0,10543,10543,0,0,0.0194394625898
fixed-piecewise,24,16,7,24,16,7,-8.000000,8.000000,1024,10,24576,0.0188016549048,0.00143379031817,0.00266681199938,1,0,0,10543,10543,0,0,0.00381446258984
